{\rtf1\ansi\ansicpg1252\cocoartf2709
\cocoatextscaling0\cocoaplatform0{\fonttbl\f0\fswiss\fcharset0 Helvetica;}
{\colortbl;\red255\green255\blue255;}
{\*\expandedcolortbl;;}
\margl1440\margr1440\vieww11520\viewh8400\viewkind0
\pard\tx720\tx1440\tx2160\tx2880\tx3600\tx4320\tx5040\tx5760\tx6480\tx7200\tx7920\tx8640\pardirnatural\partightenfactor0

\f0\fs24 \cf0 \{\
	"id": "pf2e-slicks-npc-random-generator",\
	"title": "PF2e Slicks NPC Random Generator",\
	"description": "This is a 75 nested rolltables that go into a single master rolltable to produce an NPC for PF2e",\
	"authors": [\{\
		"name": "Slick"\
	\}],\
	"version": "1.0.1",\
	"compatibility": \{\
		"minimum": 10,\
		"verified": 11,\
		"maximum": 11\
	\},\
	"relationships": \{\
		"systems": [\{\
			"id": "pf2e",\
			"type": "system",\
			"manifest": "https://github.com/foundryvtt/pf2e/releases/download/latest/system.json",\
			"compatibility": \{\
				"minimum": "3.13.5",\
				"verified": "4.12.6"\
			\}\
		\}]\
	\},\
	"packs": [\{\
			"name": "slicks-master-journal-links",\
			"label": "Slicks NPC Random Generator Journal Entries",\
			"path": "packs/slicks-master-journal-links.db",\
			"type": "JournalEntry",\
			"module": "PF2e-Slicks-NPC-Random-Generator"\
		\},\
		\{\
			"name": "slicks-master-npc-generator",\
			"label": "Slicks NPC Random Generator Roll Tables",\
			"path": "packs/slicks-master-npc-generator.db",\
			"type": "RollTable",\
			"module": "PF2e-Slicks-NPC-Random-Generator"\
		\},\
		\{\
			"name": "masternpc",\
			"label": "Slicks NPC Random Master",\
			"path": "packs/slicks-masternpc.db",\
			"type": "RollTable",\
			"module": "PF2e-Slicks-NPC-Random-Generator"\
		\},\
		\{\
			"name": "slicks-master-macro",\
			"label": "Slicks NPC Random Generator Macros",\
			"path": "packs/slicks-master-macro.db",\
			"type": "Macro",\
			"module": "PF2e-Slicks-NPC-Random-Generator"\
		\}\
	],\
	"packFolders": [\{\
		"name": "Random NPC Generator",\
		"sorting": "m",\
		"packs": [\
			"slicks-master-journal-links",\
			"slicks-master-npc-generator",\
			"slicks-master-macro",\
			"masternpc"\
\
		]\
	\}],\
	"url": "https://github.com/JSlickphoto/PF2e-Slicks-NPC-Random-Generator",\
	"manifest": "https://raw.githubusercontent.com/JSlickphoto/PF2e-Slicks-NPC-Random-Generator/main/module.json",\
	"download": "https://github.com/JSlickphoto/PF2e-Slicks-NPC-Random-Generator/archive/refs/tags/v1.01.zip"\
\}}